{"cameraMode":{"drawMode":0,"name":"Shaded","section":"Shading Mode"},"sceneLighting":false,"audioPlay":false,"sceneViewState":{"showFog":true,"showMaterialUpdate":false,"showSkybox":false,"showFlares":true,"showImageEffects":true,"showParticleSystems":true},"in2DMode":false,"pivot":{"x":-1.4539964199066163,"y":-0.6348737478256226,"z":0.22038179636001588},"rotation":{"x":0.5283738374710083,"y":-0.04071928933262825,"z":0.025382785126566888,"w":0.8476629257202148},"size":2.4031710624694826,"orthographic":false}