{"cameraMode":{"drawMode":0,"name":"Shaded","section":"Shading Mode"},"sceneLighting":false,"audioPlay":false,"sceneViewState":{"showFog":true,"showMaterialUpdate":false,"showSkybox":false,"showFlares":true,"showImageEffects":true,"showParticleSystems":true},"in2DMode":false,"pivot":{"x":12.30074691772461,"y":-0.44289493560791018,"z":10.971765518188477},"rotation":{"x":0.08302834630012512,"y":-0.906149685382843,"z":0.21055249869823457,"w":0.3573191165924072},"size":3.99910569190979,"orthographic":false}