{"cameraMode":{"drawMode":0,"name":"Shaded","section":"Shading Mode"},"sceneLighting":true,"audioPlay":false,"sceneViewState":{"showFog":true,"showMaterialUpdate":false,"showSkybox":true,"showFlares":true,"showImageEffects":true,"showParticleSystems":true},"in2DMode":false,"pivot":{"x":13.120697021484375,"y":2.701265335083008,"z":20.474781036376954},"rotation":{"x":0.6406878232955933,"y":-0.04598274081945419,"z":0.038487378507852557,"w":0.7654582262039185},"size":5.170859336853027,"orthographic":false}