{"cameraMode":{"drawMode":0,"name":"Shaded","section":"Shading Mode"},"sceneLighting":false,"audioPlay":false,"sceneViewState":{"showFog":true,"showMaterialUpdate":false,"showSkybox":false,"showFlares":true,"showImageEffects":true,"showParticleSystems":true},"in2DMode":false,"pivot":{"x":21.935054779052736,"y":0.08376365154981613,"z":9.904935836791993},"rotation":{"x":-0.539655864238739,"y":-0.1492094099521637,"z":0.09785037487745285,"w":-0.8227866291999817},"size":1.1352760791778565,"orthographic":false}