{"cameraMode":{"drawMode":0,"name":"Shaded","section":"Shading Mode"},"sceneLighting":false,"audioPlay":false,"sceneViewState":{"showFog":true,"showMaterialUpdate":false,"showSkybox":false,"showFlares":true,"showImageEffects":true,"showParticleSystems":true},"in2DMode":false,"pivot":{"x":35.90292739868164,"y":0.008235998451709748,"z":9.271825790405274},"rotation":{"x":0.42651379108428957,"y":0.0973678007721901,"z":-0.046241775155067447,"w":0.8980408906936646},"size":2.155733346939087,"orthographic":false}