{"cameraMode":{"drawMode":0,"name":"Shaded","section":"Shading Mode"},"sceneLighting":false,"audioPlay":false,"sceneViewState":{"showFog":true,"showMaterialUpdate":false,"showSkybox":false,"showFlares":true,"showImageEffects":true,"showParticleSystems":true},"in2DMode":false,"pivot":{"x":1.3194210529327393,"y":0.45330798625946047,"z":-0.18179979920387269},"rotation":{"x":0.13604632019996644,"y":0.8482312560081482,"z":-0.43933361768722536,"w":0.2626630365848541},"size":0.9557332396507263,"orthographic":false}