{"cameraMode":{"drawMode":0,"name":"Shaded","section":"Shading Mode"},"sceneLighting":false,"audioPlay":false,"sceneViewState":{"showFog":true,"showMaterialUpdate":false,"showSkybox":false,"showFlares":true,"showImageEffects":true,"showParticleSystems":true},"in2DMode":false,"pivot":{"x":34.77216339111328,"y":0.17576397955417634,"z":8.141060829162598},"rotation":{"x":0.42651379108428957,"y":0.0973678007721901,"z":-0.046241775155067447,"w":0.8980408906936646},"size":2.155733346939087,"orthographic":false}