{"cameraMode":{"drawMode":0,"name":"Shaded","section":"Shading Mode"},"sceneLighting":false,"audioPlay":false,"sceneViewState":{"showFog":true,"showMaterialUpdate":false,"showSkybox":false,"showFlares":true,"showImageEffects":true,"showParticleSystems":true},"in2DMode":false,"pivot":{"x":1.3017241954803467,"y":0.048725396394729617,"z":1.5855727195739747},"rotation":{"x":-0.2574658989906311,"y":0.689458966255188,"z":-0.2902005612850189,"w":-0.6116995215415955},"size":1.12046217918396,"orthographic":false}