{"cameraMode":{"drawMode":0,"name":"Shaded","section":"Shading Mode"},"sceneLighting":false,"audioPlay":false,"sceneViewState":{"showFog":true,"showMaterialUpdate":false,"showSkybox":false,"showFlares":true,"showImageEffects":true,"showParticleSystems":true},"in2DMode":false,"pivot":{"x":-1.9866809844970704,"y":-0.26215240359306338,"z":-2.842569351196289},"rotation":{"x":0.6220224499702454,"y":0.049236271530389789,"z":-0.03923654183745384,"w":0.7804733514785767},"size":2.9896395206451418,"orthographic":false}