{"cameraMode":{"drawMode":0,"name":"Shaded","section":"Shading Mode"},"sceneLighting":false,"audioPlay":false,"sceneViewState":{"showFog":true,"showMaterialUpdate":false,"showSkybox":false,"showFlares":true,"showImageEffects":true,"showParticleSystems":true},"in2DMode":false,"pivot":{"x":0.0,"y":0.0837639793753624,"z":-1.1307646036148072},"rotation":{"x":0.2733631432056427,"y":-0.008656899444758892,"z":0.0024619828909635545,"w":0.96187424659729},"size":2.1557328701019289,"orthographic":false}