{"cameraMode":{"drawMode":0,"name":"Shaded","section":"Shading Mode"},"sceneLighting":false,"audioPlay":false,"sceneViewState":{"showFog":true,"showMaterialUpdate":false,"showSkybox":false,"showFlares":true,"showImageEffects":true,"showParticleSystems":true},"in2DMode":false,"pivot":{"x":-3.5307483673095705,"y":0.23107266426086427,"z":0.52691251039505},"rotation":{"x":0.32409581542015078,"y":0.6201929450035095,"z":-0.31300726532936098,"w":0.6421541571617127},"size":0.6554934978485107,"orthographic":false}