{"cameraMode":{"drawMode":0,"name":"Shaded","section":"Shading Mode"},"sceneLighting":false,"audioPlay":false,"sceneViewState":{"showFog":true,"showMaterialUpdate":false,"showSkybox":false,"showFlares":true,"showImageEffects":true,"showParticleSystems":true},"in2DMode":false,"pivot":{"x":0.5483499765396118,"y":3.061677932739258,"z":1.742002010345459},"rotation":{"x":-0.027515077963471414,"y":0.9723978638648987,"z":-0.15682464838027955,"w":-0.17063143849372865},"size":4.848933219909668,"orthographic":false}