{"cameraMode":{"drawMode":0,"name":"Shaded","section":"Shading Mode"},"sceneLighting":false,"audioPlay":false,"sceneViewState":{"showFog":true,"showMaterialUpdate":false,"showSkybox":false,"showFlares":true,"showImageEffects":true,"showParticleSystems":true},"in2DMode":false,"pivot":{"x":-4.212192058563232,"y":-0.3948821425437927,"z":0.08969050645828247},"rotation":{"x":0.11997552961111069,"y":-0.620655357837677,"z":0.09685647487640381,"w":0.768781304359436},"size":3.1218209266662599,"orthographic":false}