{"cameraMode":{"drawMode":0,"name":"Shaded","section":"Shading Mode"},"sceneLighting":false,"audioPlay":false,"sceneViewState":{"showFog":true,"showMaterialUpdate":false,"showSkybox":false,"showFlares":true,"showImageEffects":true,"showParticleSystems":true},"in2DMode":false,"pivot":{"x":3.0632643699645998,"y":3.7260563373565676,"z":-2.87287974357605},"rotation":{"x":0.29806622862815859,"y":-0.5668309926986694,"z":0.23061656951904298,"w":0.7326186895370483},"size":0.9415528178215027,"orthographic":false}