{"cameraMode":{"drawMode":0,"name":"Shaded","section":"Shading Mode"},"sceneLighting":false,"audioPlay":false,"sceneViewState":{"showFog":true,"showMaterialUpdate":false,"showSkybox":false,"showFlares":true,"showImageEffects":true,"showParticleSystems":true},"in2DMode":false,"pivot":{"x":27.371231079101564,"y":1.746084451675415,"z":6.470862865447998},"rotation":{"x":0.4490981996059418,"y":0.021440645679831506,"z":-0.010778842493891716,"w":0.8931666016578674},"size":1.2486913204193116,"orthographic":false}