{"cameraMode":{"drawMode":0,"name":"Shaded","section":"Shading Mode"},"sceneLighting":false,"audioPlay":false,"sceneViewState":{"showFog":true,"showMaterialUpdate":false,"showSkybox":false,"showFlares":true,"showImageEffects":true,"showParticleSystems":true},"in2DMode":false,"pivot":{"x":-5.189823150634766,"y":0.6953234076499939,"z":2.6808648109436037},"rotation":{"x":0.37464213371276858,"y":-0.6071012616157532,"z":0.39119085669517519,"w":0.5814236998558044},"size":2.9896390438079836,"orthographic":false}