{"cameraMode":{"drawMode":0,"name":"Shaded","section":"Shading Mode"},"sceneLighting":false,"audioPlay":false,"sceneViewState":{"showFog":true,"showMaterialUpdate":false,"showSkybox":false,"showFlares":true,"showImageEffects":true,"showParticleSystems":true},"in2DMode":false,"pivot":{"x":26.198335647583009,"y":0.08880183100700379,"z":11.943672180175782},"rotation":{"x":0.5553072690963745,"y":-0.01870775781571865,"z":0.012498877942562104,"w":0.8313480615615845},"size":2.4031710624694826,"orthographic":false}