{"cameraMode":{"drawMode":0,"name":"Shaded","section":"Shading Mode"},"sceneLighting":true,"audioPlay":false,"sceneViewState":{"showFog":true,"showMaterialUpdate":false,"showSkybox":true,"showFlares":true,"showImageEffects":true,"showParticleSystems":true},"in2DMode":false,"pivot":{"x":11.894240379333496,"y":0.17699432373046876,"z":10.25368595123291},"rotation":{"x":0.6375199556350708,"y":0.06105199456214905,"z":-0.050790030509233478,"w":0.7663326263427734},"size":35.69379425048828,"orthographic":false}