{"cameraMode":{"drawMode":0,"name":"Shaded","section":"Shading Mode"},"sceneLighting":true,"audioPlay":false,"sceneViewState":{"showFog":true,"showMaterialUpdate":false,"showSkybox":true,"showFlares":true,"showImageEffects":true,"showParticleSystems":true},"in2DMode":false,"pivot":{"x":33.75661087036133,"y":-0.10662060976028443,"z":5.53886079788208},"rotation":{"x":-0.3700474202632904,"y":-0.14898084104061128,"z":0.06025313958525658,"w":-0.9150140881538391},"size":2.0658578872680666,"orthographic":false}