{"cameraMode":{"drawMode":0,"name":"Shaded","section":"Shading Mode"},"sceneLighting":false,"audioPlay":false,"sceneViewState":{"showFog":true,"showMaterialUpdate":false,"showSkybox":false,"showFlares":true,"showImageEffects":true,"showParticleSystems":true},"in2DMode":false,"pivot":{"x":3.414973020553589,"y":0.6655696034431458,"z":-0.17164850234985352},"rotation":{"x":-0.07938864082098007,"y":0.8897159099578857,"z":-0.1696314513683319,"w":-0.41636914014816286},"size":0.6626662015914917,"orthographic":false}