{"cameraMode":{"drawMode":0,"name":"Shaded","section":"Shading Mode"},"sceneLighting":false,"audioPlay":false,"sceneViewState":{"showFog":true,"showMaterialUpdate":false,"showSkybox":false,"showFlares":true,"showImageEffects":true,"showParticleSystems":true},"in2DMode":false,"pivot":{"x":1.5724833011627198,"y":1.0511510372161866,"z":1.2732564210891724},"rotation":{"x":0.47050169110298159,"y":-0.5208783149719238,"z":0.43385544419288638,"w":0.5648754835128784},"size":1.2277600765228272,"orthographic":true}