{"cameraMode":{"drawMode":0,"name":"Shaded","section":"Shading Mode"},"sceneLighting":false,"audioPlay":false,"sceneViewState":{"showFog":true,"showMaterialUpdate":false,"showSkybox":false,"showFlares":true,"showImageEffects":true,"showParticleSystems":true},"in2DMode":false,"pivot":{"x":-3.533019781112671,"y":0.20670267939567567,"z":0.8971969485282898},"rotation":{"x":0.16266363859176637,"y":0.778624415397644,"z":-0.22507411241531373,"w":0.562706708908081},"size":0.32501035928726199,"orthographic":false}