{"cameraMode":{"drawMode":0,"name":"Shaded","section":"Shading Mode"},"sceneLighting":false,"audioPlay":false,"sceneViewState":{"showFog":true,"showMaterialUpdate":false,"showSkybox":false,"showFlares":true,"showImageEffects":true,"showParticleSystems":true},"in2DMode":false,"pivot":{"x":2.9505724906921388,"y":0.19977080821990968,"z":3.566659927368164},"rotation":{"x":-0.26464447379112246,"y":0.6803341507911682,"z":-0.29117754101753237,"w":-0.6183518171310425},"size":1.7468852996826172,"orthographic":false}