{"cameraMode":{"drawMode":0,"name":"Shaded","section":"Shading Mode"},"sceneLighting":false,"audioPlay":false,"sceneViewState":{"showFog":true,"showMaterialUpdate":false,"showSkybox":false,"showFlares":true,"showImageEffects":true,"showParticleSystems":true},"in2DMode":false,"pivot":{"x":38.06705093383789,"y":0.725591778755188,"z":11.15566635131836},"rotation":{"x":0.42651379108428957,"y":0.0973678007721901,"z":-0.046241775155067447,"w":0.8980408906936646},"size":4.803170680999756,"orthographic":false}