{"cameraMode":{"drawMode":0,"name":"Shaded","section":"Shading Mode"},"sceneLighting":false,"audioPlay":false,"sceneViewState":{"showFog":true,"showMaterialUpdate":false,"showSkybox":false,"showFlares":true,"showImageEffects":true,"showParticleSystems":true},"in2DMode":false,"pivot":{"x":0.5063693523406982,"y":-0.08871480822563172,"z":-1.332727313041687},"rotation":{"x":0.42651379108428957,"y":0.0973678007721901,"z":-0.046241775155067447,"w":0.8980408906936646},"size":3.0031702518463136,"orthographic":false}