{"cameraMode":{"drawMode":0,"name":"Shaded","section":"Shading Mode"},"sceneLighting":false,"audioPlay":false,"sceneViewState":{"showFog":true,"showMaterialUpdate":false,"showSkybox":false,"showFlares":true,"showImageEffects":true,"showParticleSystems":true},"in2DMode":false,"pivot":{"x":25.284526824951173,"y":-1.0112916231155396,"z":12.077522277832032},"rotation":{"x":0.5553072690963745,"y":-0.01870775781571865,"z":0.012498877942562104,"w":0.8313480615615845},"size":2.403169870376587,"orthographic":false}