{"cameraMode":{"drawMode":0,"name":"Shaded","section":"Shading Mode"},"sceneLighting":false,"audioPlay":false,"sceneViewState":{"showFog":true,"showMaterialUpdate":false,"showSkybox":false,"showFlares":true,"showImageEffects":true,"showParticleSystems":true},"in2DMode":false,"pivot":{"x":-0.30607742071151736,"y":-0.9647873640060425,"z":0.12386330962181092},"rotation":{"x":-0.0386403352022171,"y":0.7303028702735901,"z":-0.6807697415351868,"w":-0.04145190492272377},"size":3.3980472087860109,"orthographic":false}