{"cameraMode":{"drawMode":0,"name":"Shaded","section":"Shading Mode"},"sceneLighting":false,"audioPlay":false,"sceneViewState":{"showFog":true,"showMaterialUpdate":false,"showSkybox":false,"showFlares":true,"showImageEffects":true,"showParticleSystems":true},"in2DMode":false,"pivot":{"x":24.53885269165039,"y":-0.08888983726501465,"z":23.92862319946289},"rotation":{"x":-0.6427028179168701,"y":-0.2853735387325287,"z":0.280793696641922,"w":-0.6531844139099121},"size":2.2368383407592775,"orthographic":false}