{"cameraMode":{"drawMode":0,"name":"Shaded","section":"Shading Mode"},"sceneLighting":false,"audioPlay":false,"sceneViewState":{"showFog":true,"showMaterialUpdate":false,"showSkybox":false,"showFlares":true,"showImageEffects":true,"showParticleSystems":true},"in2DMode":false,"pivot":{"x":67.00096130371094,"y":6.0,"z":-102.14151000976563},"rotation":{"x":-0.6330791115760803,"y":-0.020430974662303926,"z":0.016718849539756776,"w":-0.7736366391181946},"size":163.46994018554688,"orthographic":false}