{"cameraMode":{"drawMode":0,"name":"Shaded","section":"Shading Mode"},"sceneLighting":true,"audioPlay":false,"sceneViewState":{"showFog":true,"showMaterialUpdate":false,"showSkybox":true,"showFlares":true,"showImageEffects":true,"showParticleSystems":true},"in2DMode":false,"pivot":{"x":45.041297912597659,"y":18.08848762512207,"z":12.119781494140625},"rotation":{"x":-0.4077458083629608,"y":0.009858517907559872,"z":-0.004402881022542715,"w":-0.9130321741104126},"size":10.428838729858399,"orthographic":false}