{"cameraMode":{"drawMode":0,"name":"Shaded","section":"Shading Mode"},"sceneLighting":false,"audioPlay":false,"sceneViewState":{"showFog":true,"showMaterialUpdate":false,"showSkybox":false,"showFlares":true,"showImageEffects":true,"showParticleSystems":true},"in2DMode":false,"pivot":{"x":14.14760684967041,"y":0.18016839027404786,"z":29.020061492919923},"rotation":{"x":-0.39916369318962099,"y":-0.5832020044326782,"z":0.3979717493057251,"w":-0.584948718547821},"size":2.609734296798706,"orthographic":false}