{"cameraMode":{"drawMode":0,"name":"Shaded","section":"Shading Mode"},"sceneLighting":true,"audioPlay":false,"sceneViewState":{"showFog":true,"showMaterialUpdate":false,"showSkybox":true,"showFlares":true,"showImageEffects":true,"showParticleSystems":true},"in2DMode":false,"pivot":{"x":187.0435028076172,"y":3.0746514797210695,"z":52.205230712890628},"rotation":{"x":-0.07556864619255066,"y":-0.43316537141799929,"z":0.036476220935583118,"w":-0.8974016904830933},"size":0.12910610437393189,"orthographic":false}