{"cameraMode":{"drawMode":0,"name":"Shaded","section":"Shading Mode"},"sceneLighting":false,"audioPlay":false,"sceneViewState":{"showFog":true,"showMaterialUpdate":false,"showSkybox":false,"showFlares":true,"showImageEffects":true,"showParticleSystems":true},"in2DMode":false,"pivot":{"x":24.586570739746095,"y":0.61140376329422,"z":19.025388717651368},"rotation":{"x":-0.4937586188316345,"y":-0.34045886993408205,"z":0.21837198734283448,"w":-0.7698068022727966},"size":2.721363067626953,"orthographic":false}