{"cameraMode":{"drawMode":0,"name":"Shaded","section":"Shading Mode"},"sceneLighting":false,"audioPlay":false,"sceneViewState":{"showFog":true,"showMaterialUpdate":false,"showSkybox":false,"showFlares":true,"showImageEffects":true,"showParticleSystems":true},"in2DMode":false,"pivot":{"x":-0.6449376344680786,"y":0.17229647934436799,"z":1.170680284500122},"rotation":{"x":-0.4212581515312195,"y":-0.5786934494972229,"z":0.4987228810787201,"w":-0.48880648612976076},"size":3.007394790649414,"orthographic":false}