{"cameraMode":{"drawMode":0,"name":"Shaded","section":"Shading Mode"},"sceneLighting":false,"audioPlay":false,"sceneViewState":{"showFog":true,"showMaterialUpdate":false,"showSkybox":false,"showFlares":true,"showImageEffects":true,"showParticleSystems":true},"in2DMode":false,"pivot":{"x":-2.111042022705078,"y":-1.81916081905365,"z":2.8051624298095705},"rotation":{"x":-0.19226689636707307,"y":0.01942642219364643,"z":-0.0038070676382631065,"w":-0.9811435341835022},"size":6.670369625091553,"orthographic":false}