{"cameraMode":{"drawMode":0,"name":"Shaded","section":"Shading Mode"},"sceneLighting":false,"audioPlay":false,"sceneViewState":{"showFog":true,"showMaterialUpdate":false,"showSkybox":false,"showFlares":true,"showImageEffects":true,"showParticleSystems":true},"in2DMode":false,"pivot":{"x":11.02781867980957,"y":0.07359106838703156,"z":11.515262603759766},"rotation":{"x":-0.0386403352022171,"y":0.7303028702735901,"z":-0.6807697415351868,"w":-0.04145190492272377},"size":2.403170347213745,"orthographic":false}