{"cameraMode":{"drawMode":0,"name":"Shaded","section":"Shading Mode"},"sceneLighting":false,"audioPlay":false,"sceneViewState":{"showFog":true,"showMaterialUpdate":false,"showSkybox":false,"showFlares":true,"showImageEffects":true,"showParticleSystems":true},"in2DMode":false,"pivot":{"x":12.972602844238282,"y":0.3463497459888458,"z":13.25218391418457},"rotation":{"x":0.11657798290252686,"y":0.8828389644622803,"z":-0.3041808307170868,"w":0.3383497893810272},"size":1.7398977279663087,"orthographic":false}