{"cameraMode":{"drawMode":0,"name":"Shaded","section":"Shading Mode"},"sceneLighting":true,"audioPlay":false,"sceneViewState":{"showFog":true,"showMaterialUpdate":false,"showSkybox":true,"showFlares":true,"showImageEffects":true,"showParticleSystems":true},"in2DMode":false,"pivot":{"x":43.173282623291019,"y":-1.5140795707702637,"z":33.809146881103519},"rotation":{"x":-0.46045660972595217,"y":0.0015954059781506658,"z":-0.0008278866880573332,"w":-0.8876809477806091},"size":34.701351165771487,"orthographic":false}