{"cameraMode":{"drawMode":0,"name":"Shaded","section":"Shading Mode"},"sceneLighting":false,"audioPlay":false,"sceneViewState":{"showFog":true,"showMaterialUpdate":false,"showSkybox":false,"showFlares":true,"showImageEffects":true,"showParticleSystems":true},"in2DMode":false,"pivot":{"x":0.012492635287344456,"y":0.5932348370552063,"z":-1.2006995677947999},"rotation":{"x":-0.5150629281997681,"y":-0.4242810904979706,"z":0.326447069644928,"w":-0.6694234013557434},"size":2.8624517917633058,"orthographic":false}