{"cameraMode":{"drawMode":0,"name":"Shaded","section":"Shading Mode"},"sceneLighting":false,"audioPlay":false,"sceneViewState":{"showFog":true,"showMaterialUpdate":false,"showSkybox":false,"showFlares":true,"showImageEffects":true,"showParticleSystems":true},"in2DMode":false,"pivot":{"x":1.725416898727417,"y":-1.100303292274475,"z":0.8454493284225464},"rotation":{"x":-0.4281943440437317,"y":-0.5544496178627014,"z":0.403247207403183,"w":-0.5887502431869507},"size":3.214561700820923,"orthographic":false}