{"cameraMode":{"drawMode":0,"name":"Shaded","section":"Shading Mode"},"sceneLighting":false,"audioPlay":false,"sceneViewState":{"showFog":true,"showMaterialUpdate":false,"showSkybox":false,"showFlares":true,"showImageEffects":true,"showParticleSystems":true},"in2DMode":false,"pivot":{"x":0.15565238893032075,"y":0.45579901337623598,"z":2.253023147583008},"rotation":{"x":-0.6330791115760803,"y":-0.020430974662303926,"z":0.016718849539756776,"w":-0.7736366391181946},"size":2.431368827819824,"orthographic":false}