{"cameraMode":{"drawMode":0,"name":"Shaded","section":"Shading Mode"},"sceneLighting":false,"audioPlay":false,"sceneViewState":{"showFog":true,"showMaterialUpdate":false,"showSkybox":false,"showFlares":true,"showImageEffects":true,"showParticleSystems":true},"in2DMode":false,"pivot":{"x":12.554790496826172,"y":-0.2828803062438965,"z":10.827653884887696},"rotation":{"x":0.3455820381641388,"y":-0.6490975618362427,"z":0.527924120426178,"w":0.4249040484428406},"size":2.639897584915161,"orthographic":false}