{"cameraMode":{"drawMode":0,"name":"Shaded","section":"Shading Mode"},"sceneLighting":false,"audioPlay":false,"sceneViewState":{"showFog":true,"showMaterialUpdate":false,"showSkybox":false,"showFlares":true,"showImageEffects":true,"showParticleSystems":true},"in2DMode":false,"pivot":{"x":2.872013568878174,"y":-0.15504884719848634,"z":0.10281770676374436},"rotation":{"x":-0.4070235788822174,"y":-0.46907681226730349,"z":0.25797146558761599,"w":-0.7401009798049927},"size":4.114561557769775,"orthographic":false}